,long,lat,City,Country,Date,Cloudiness,Humidity,Max Temp,Wind Speed
0,-125.6436585090591,-19.403786647738258,rikitea,pf,1600201334,1,72,73.53,3.6
1,145.3407373972911,85.73642868825056,chokurdakh,ru,1600201341,99,88,38.28,8.14
2,-53.40210273155651,-72.16934240714048,ushuaia,ar,1600201261,40,80,35.6,20.8
4,119.23558630884173,65.79877403068764,verkhnevilyuysk,ru,1600201688,2,95,42.15,3.29
6,101.51078722145462,-57.25237906344086,busselton,au,1600201346,23,79,53.01,8.86
8,81.6019612425539,6.2122965444117,hambantota,lk,1600201689,40,100,78.8,9.17
9,120.34775055389059,28.01175076875431,wenzhou,cn,1600201689,100,82,78.01,1.86
11,36.61966412338697,85.39728583790009,vardo,no,1600201689,75,87,44.6,8.05
12,-6.604883752662232,-39.6797657222995,jamestown,sh,1600201591,1,48,66.99,3.36
13,-72.63175672465542,-16.354420697509198,camana,pe,1600201690,100,74,63.36,7.4
14,177.58631020011416,-66.73799068446289,kaitangata,nz,1600201348,44,40,55.0,8.99
17,144.94618691667887,-45.376015772357725,new norfolk,au,1600201345,100,71,48.0,1.01
18,159.51099886839643,64.30414218869416,evensk,ru,1600201690,83,74,41.94,2.59
19,81.4398420529024,-30.111151406893384,bambous virieux,mu,1600201690,75,82,66.99,12.75
20,-119.75807500127962,12.333724898434014,cabo san lucas,mx,1600201691,20,66,91.0,10.29
21,-44.4304899434627,41.769786689876014,torbay,ca,1600201343,90,54,57.99,9.17
22,-137.38754495401548,1.0499445871517707,atuona,pf,1600201334,20,78,78.17,18.1
25,-100.83804522649837,-81.91757098267624,punta arenas,cl,1600201237,20,56,41.0,27.51
26,23.248394925219515,-89.89461918894727,bredasdorp,za,1600201335,22,76,51.8,3.36
27,144.4475074740593,-35.936469566996095,deniliquin,au,1600201691,82,90,43.0,5.46
30,82.16720407280201,78.6446996217228,dikson,ru,1600201692,100,95,43.92,24.4
31,127.23103259632938,29.09774765416425,naze,jp,1600201692,75,88,80.6,5.82
32,-104.85187557610918,70.4326058630977,yellowknife,ca,1600201692,20,37,35.6,13.87
33,-0.5320790748159823,11.88419819351168,garango,bf,1600201692,10,67,82.65,7.92
34,-164.6184517287188,16.571171419866403,kapaa,us,1600201693,40,62,84.2,12.75
35,31.37204143028572,76.54335238142318,berlevag,no,1600201347,75,86,42.8,8.05
36,67.32630649791278,-36.21780629627678,mahebourg,mu,1600201693,75,82,64.4,12.75
37,-96.09997328444975,21.18667064794117,tecolutla,mx,1600201693,40,62,87.8,13.87
39,4.621555293531145,9.703309692084432,kishi,ng,1600201694,87,93,73.36,3.85
42,-93.75829024664631,56.61781442266687,thompson,ca,1600201338,75,50,51.8,16.11
43,-77.75655604920892,9.716877429424216,ailigandi,pa,1600201694,54,68,85.78,7.96
45,166.79072305835018,-30.60339377387467,ahipara,nz,1600201337,21,77,57.72,11.07
46,152.96201948739804,-65.29954756303388,hobart,au,1600201673,90,81,48.99,4.7
47,129.15703169706887,-49.36227523327583,port lincoln,au,1600201694,100,61,55.42,7.25
48,-87.9795050522738,88.58450255904319,qaanaaq,gl,1600201337,0,83,23.83,3.24
50,-14.043150553271118,44.53352364411592,muros,es,1600201695,62,88,64.99,1.01
51,176.7543333999384,15.963409579896137,butaritari,ki,1600201340,83,73,83.57,20.07
52,112.20286726998842,64.04606626703259,chernyshevskiy,ru,1600201695,56,81,42.22,1.97
53,129.49815377548106,30.40545311745285,kaseda,jp,1600201695,99,94,73.0,3.0
57,110.17800440123085,39.951592904547084,dongsheng,cn,1600201696,0,52,46.36,11.5
58,141.15136803836646,12.388720319494993,airai,pw,1600201696,22,82,53.67,3.09
61,-89.01532586972051,23.61972781844139,dzilam gonzalez,mx,1600201696,42,53,92.34,4.59
64,-171.2141144848193,-61.45613928452095,vaini,to,1600201337,40,73,75.2,12.75
65,0.9022589690781615,-43.48275133460638,cape town,za,1600201339,12,71,55.0,5.82
66,175.94347085690106,64.26718770131203,anadyr,ru,1600201697,40,100,44.6,13.42
67,-121.44377838717763,59.142722870750475,fort nelson,ca,1600201697,40,50,51.8,9.17
70,-162.54310437650275,-63.493419501930106,mataura,pf,1600201338,99,78,45.0,13.0
71,75.66287220566466,22.038049587990827,kasrawad,in,1600201697,100,89,78.22,5.14
72,-39.18496165193079,88.13770506686444,ilulissat,gl,1600201698,75,42,48.2,14.99
73,57.10384179961068,23.283660565408468,nizwa,om,1600201698,100,36,84.33,2.84
74,104.45878894323795,23.119586532650402,mabai,cn,1600201698,100,100,62.85,2.59
75,-44.50090998973113,31.57263812071787,ribeira grande,pt,1600201333,40,59,66.2,6.93
76,54.37559790780648,68.4502592814678,iskateley,ru,1600201698,87,89,46.69,13.24
81,-42.16537164873924,-6.77564434267066,oeiras,br,1600201699,34,26,93.6,9.86
82,148.77679990622823,47.276888484087294,vostok,ru,1600201699,100,99,48.09,1.39
84,159.9120508896985,-55.70015208920646,tuatapere,nz,1600201699,100,78,45.0,13.0
85,13.955727772918635,-24.128495987866515,walvis bay,na,1600201699,0,71,55.0,3.36
87,-38.06920610414386,-6.982068863087164,coremas,br,1600201700,77,27,92.5,10.04
88,-163.37722707381332,49.861319928035584,bethel,us,1600201335,1,39,66.99,4.79
89,-124.93045302765788,23.478988154247574,san quintin,mx,1600201700,0,41,84.04,12.59
90,-5.119704438501373,40.43435195728469,avila,es,1600201700,46,55,68.0,3.27
92,-65.36864982224876,72.24310085958749,clyde river,ca,1600201700,90,79,35.6,11.41
93,176.665952894626,-34.439239163984695,ngunguru,nz,1600201700,0,3,55.0,7.0
94,133.47471980661936,64.34040170802015,churapcha,ru,1600201338,0,94,36.25,3.29
96,-11.455334385436913,7.237986767371424,bomi,sl,1600201701,100,96,73.89,1.81
98,-165.02014297764626,-51.25833179545084,avarua,ck,1600201599,57,65,77.0,16.11
103,87.71448029666624,-18.706052004953563,bengkulu,id,1600201509,54,91,74.66,4.81
104,-85.86914806158583,21.61845109614552,isla mujeres,mx,1600201701,75,70,89.6,10.29
105,-168.7480841847534,-27.5595536991499,alofi,nu,1600201701,75,78,75.2,19.46
106,-164.4510747603242,78.74481523195311,barrow,us,1600201702,90,85,35.6,25.28
108,26.684193284414988,-25.090016998511118,mmathubudukwane,bw,1600201702,88,16,69.8,2.24
110,92.72339860500426,46.04319696328912,hami,cn,1600201702,100,25,64.26,1.88
111,-142.1596734781262,60.89533235897315,haines junction,ca,1600201703,50,39,55.89,1.86
112,-66.55301528430213,27.05774850910838,hamilton,bm,1600201696,1,46,75.99,5.82
114,126.01055364880563,88.87700071058902,tiksi,ru,1600201343,4,91,36.21,1.48
115,174.75671559305738,76.05247385266523,komsomolskiy,ru,1600201703,0,39,64.4,2.24
116,120.98683551793425,-41.01239435327557,albany,au,1600201336,0,45,62.01,2.98
118,-120.98569138523558,43.397739842690555,bend,us,1600201425,1,15,81.0,3.47
119,92.23198883546121,66.48876117815664,svetlogorsk,ru,1600201704,1,92,57.58,1.66
122,66.40966166323068,-15.152081757491914,grand gaube,mu,1600201704,94,70,66.99,3.0
123,98.17873784357704,20.915176645509305,taunggyi,mm,1600201704,100,100,64.29,2.8
126,-53.03508077473926,-46.62682554107518,mar del plata,ar,1600201335,0,33,62.6,17.22
127,-28.85205184533112,10.937836536718748,sao filipe,cv,1600201705,78,81,80.01,9.31
128,149.22001989111817,64.76092343639385,zyryanka,ru,1600201705,100,93,44.19,7.65
133,-73.78082481090212,-6.697951661488503,mancio lima,br,1600201705,75,74,84.2,3.36
135,162.03867851951156,51.412537270950736,petropavlovsk-kamchatskiy,ru,1600201705,99,71,50.0,6.71
136,-33.33417835968325,71.0326924691372,tasiilaq,gl,1600201336,100,94,33.8,26.4
137,-104.23431791202682,56.03986076877686,la ronge,ca,1600201706,90,57,51.8,16.11
138,-2.606876326308196,55.733840522106135,earlston,gb,1600201706,98,85,64.99,3.89
140,119.87781199153659,11.012244963390614,casian,ph,1600201706,100,82,80.91,17.63
142,-132.6065946322098,76.40606158136458,tuktoyaktuk,ca,1600201349,90,84,32.0,11.41
143,177.76595885915532,-24.025519305636067,isangel,vu,1600201707,75,88,69.8,16.42
144,-88.4889017439561,-32.87124082404774,lebu,cl,1600201333,100,87,53.1,10.38
145,-111.01649868072343,25.88559181251763,loreto,mx,1600201707,56,50,73.94,7.36
147,59.25843598489482,-9.815637116387819,victoria,sc,1600201479,3,88,82.0,8.01
148,44.72341512638428,8.050760733410044,odweyne,so,1600201707,53,51,79.5,14.5
149,-66.58995452191462,58.95638740901882,iqaluit,ca,1600201708,40,67,41.0,17.22
150,-97.60279544805076,-13.503365116001802,puerto ayora,ec,1600201335,20,61,77.0,21.92
151,18.427398158029916,-36.24793158211318,hermanus,za,1600201708,24,91,46.0,6.91
152,-12.020718415279987,9.704365139349136,kamakwie,sl,1600201708,99,96,74.41,5.55
154,159.65473985823166,26.552132938849937,hasaki,jp,1600201708,75,100,68.0,6.93
156,-64.57786741301138,-23.391453053151693,san ramon de la nueva oran,ar,1600201709,95,46,77.0,1.99
157,-86.27661847182662,31.53659407710434,troy,us,1600201481,1,49,71.6,9.17
158,107.9410511217165,88.98775973763316,khatanga,ru,1600201340,100,90,47.7,5.03
160,-60.99254832946585,31.108978820140365,saint george,bm,1600201347,1,10,95.0,4.21
161,88.10216129489277,-25.13495397107225,carnarvon,au,1600201709,0,100,64.4,13.87
164,-125.90404639622847,11.596343710966451,constitucion,mx,1600201346,100,81,55.13,4.7
168,158.76585773044332,-77.70965198726434,bluff,nz,1600201343,100,78,45.0,13.0
169,-21.489913555263854,55.12926504861392,vestmannaeyjar,is,1600201710,53,70,47.7,9.08
171,147.3347646922153,2.1650057640364224,lorengau,pg,1600201710,100,76,82.18,7.83
182,-50.7007982749318,79.72842115390276,upernavik,gl,1600201711,0,84,28.56,10.94
183,11.430990761672717,-1.4555417655365375,mimongo,ga,1600201711,100,90,71.55,4.9
187,-28.702134945454475,-40.29356030712725,arraial do cabo,br,1600201340,40,78,75.2,14.99
191,16.888168546944513,50.89797136096993,strzelin,pl,1600201711,0,82,69.01,6.93
192,26.75781121936754,50.83429375409045,hoshcha,ua,1600201712,0,77,61.45,0.67
193,-53.60161011275751,26.15473449586605,codrington,ag,1600201712,100,88,43.74,8.55
194,136.1709469413887,66.44871810171819,batagay,ru,1600201712,0,91,35.2,2.33
195,-140.3927243415248,30.944989463160965,hilo,us,1600201112,40,62,84.2,3.36
196,179.39136473969188,88.37545368181284,leningradskiy,ru,1600201712,100,92,38.73,10.49
197,41.549456047391146,15.237693202474802,edd,er,1600201713,29,66,89.35,5.88
198,94.84208694312645,19.89520959100571,magway,mm,1600201713,100,87,77.79,4.29
199,86.91754284223663,25.958777600762787,murliganj,in,1600201713,100,86,78.64,5.37
200,-70.94000230312517,48.376246223983685,bagotville,ca,1600201713,33,93,55.99,5.55
203,75.5003067509194,-51.46455081881224,souillac,mu,1600201337,75,82,64.4,12.75
204,156.59037955341273,-11.833322378531037,gizo,sb,1600201713,100,82,80.11,9.71
205,140.52733109979772,0.8196353421453466,vanimo,pg,1600201714,100,79,77.65,4.09
206,156.92631976653087,1.7848431500331685,namatanai,pg,1600201714,99,86,77.94,8.66
207,116.7924387340642,69.5150625276373,saskylakh,ru,1600201714,65,80,43.95,5.3
208,-53.51690845548028,-5.785146652113326,sao felix do xingu,br,1600201714,100,16,100.62,5.1
213,6.420297130757206,-13.72703713248481,namibe,ao,1600201715,7,80,61.88,8.99
216,-84.66381348332983,38.53722148721408,georgetown,us,1600201341,20,88,78.8,1.12
217,-128.16460217763472,15.579323160450684,guerrero negro,mx,1600201715,0,28,89.06,11.16
220,53.16526408373841,-71.07463762453567,east london,za,1600201639,100,72,61.7,11.41
223,-14.137356060164677,29.158915936372082,tias,es,1600201715,20,61,77.0,2.24
224,151.6597826688165,7.103253348119139,kavieng,pg,1600201715,94,77,82.24,15.48
227,92.05937053889312,26.379678050285335,mangaldai,in,1600201716,99,91,76.89,3.4
230,33.56094927467271,50.35707589302564,sencha,ua,1600201716,3,90,59.88,5.35
232,55.487426780883396,14.672474576753046,salalah,om,1600201716,40,88,80.6,3.36
233,-105.46673336796049,25.951216487658087,santa maria del oro,mx,1600201716,56,63,72.97,5.95
234,-110.82537663977567,14.845511040522794,san patricio,mx,1600201717,68,69,86.49,9.22
239,52.63434271933036,68.85399906599528,naryan-mar,ru,1600201717,85,89,46.74,13.27
241,18.485078689854873,27.831128583361448,waddan,ly,1600201717,0,34,82.45,8.39
242,80.80881797926634,18.05852487848267,bhadrachalam,in,1600201718,22,92,77.94,2.33
243,-108.08419998917032,47.47690005083763,lewistown,us,1600201718,1,42,66.0,2.37
245,122.39423588352923,-37.9064857565858,esperance,au,1600201346,90,93,59.0,14.99
247,70.35973339610672,-58.69321194736038,saint-philippe,re,1600201718,40,68,64.4,8.05
248,110.7976891122234,32.18357375548527,shiyan,cn,1600201718,96,74,69.03,2.08
249,136.76518277838795,-9.61344201434514,nhulunbuy,au,1600201719,2,94,71.6,10.87
252,20.82538100749477,-8.189470875486577,lucapa,ao,1600201563,4,66,72.19,2.8
254,-36.82620848528887,52.95902479218827,nanortalik,gl,1600201719,100,87,43.09,21.59
256,102.70922240392736,47.21012245046157,bulgan,mn,1600201658,0,81,37.69,1.41
257,91.65957897068097,57.85715522534153,pirovskoye,ru,1600201719,81,91,48.43,7.34
258,124.24370205697971,25.848777539482995,hirara,jp,1600201720,72,78,83.66,10.6
259,43.79763481662047,34.879809403894654,tikrit,iq,1600201720,0,15,90.54,9.46
260,-157.19838732088425,52.19342279976476,kodiak,us,1600201720,90,87,55.4,14.99
263,29.724065547291843,49.79717938027923,skvyra,ua,1600201720,0,78,62.19,5.08
265,168.2342908519388,82.95370095084218,pevek,ru,1600201720,96,86,41.36,4.12
269,55.50302094619215,24.6741714330568,dubai,ae,1600201574,0,26,93.2,1.12
271,140.27727756193224,-28.844983153313237,broken hill,au,1600201721,1,43,51.8,6.93
272,116.91980645640109,0.1634097022677139,bontang,id,1600201721,100,83,76.26,7.05
279,-15.754057130568526,31.910472457225225,porto santo,pt,1600201722,20,73,73.4,5.82
281,100.37613057317265,56.494861185384735,chunskiy,ru,1600201722,37,90,42.91,2.55
283,-94.73378991449196,-50.42542652088206,castro,cl,1600201344,65,60,69.73,7.56
285,-2.0321577614278397,36.67013616180732,nijar,es,1600201612,20,78,77.0,4.85
287,79.83850146549497,40.494043719141956,aksu,cn,1600201722,18,33,66.81,7.43
291,50.53022647528351,-9.902433604063376,ambilobe,mg,1600201723,98,68,73.15,7.34
293,14.268842189556835,-15.495930491256118,lubango,ao,1600201723,0,40,61.3,5.7
295,28.870695636212957,44.26352754204365,constanta,ro,1600201723,5,73,71.6,9.17
297,12.058820887230524,-19.076984067184085,opuwo,na,1600201723,0,35,58.64,5.26
298,-148.49423326178172,65.171662198702,college,us,1600201119,90,71,54.0,3.29
300,154.45909161401238,57.481621989526786,sobolevo,ru,1600201724,21,95,56.43,6.08
301,-131.42168526779116,50.3909784790695,port hardy,ca,1600201724,90,72,66.2,14.99
303,-72.25264214832715,24.29686135277612,cockburn town,bs,1600201633,40,70,86.0,9.17
304,127.00315652229068,-29.773651456440938,yulara,au,1600201724,75,36,64.4,6.93
308,-119.0203183008033,48.96738918963774,osoyoos,ca,1600201724,90,36,77.0,4.7
309,-100.68316548083776,39.831949082208865,north platte,us,1600201725,1,33,86.0,12.75
310,76.43644921639054,61.75685628229658,novoagansk,ru,1600201725,4,86,49.95,9.69
312,31.003722020278246,61.16106407305625,lyaskelya,ru,1600201725,17,87,45.5,3.38
314,-79.91949229479347,-11.43804204576736,paramonga,pe,1600201725,40,72,65.17,9.95
315,64.88904185751463,24.728180204476573,ormara,pk,1600201725,100,80,82.83,9.26
318,122.75813884319672,7.286100722744138,olutanga,ph,1600201726,100,83,80.42,17.25
321,28.017510772799994,23.507772969848247,tahta,eg,1600201726,0,28,84.2,6.93
322,36.634972522546576,4.004130488986249,lodwar,ke,1600201726,65,29,90.86,16.98
323,80.67385183683479,-15.544852165551035,hithadhoo,mv,1600201345,81,71,81.34,6.42
325,-145.82185523894177,61.66067643060126,palmer,us,1600201727,90,37,66.2,3.36
326,-34.53620169189466,18.415121195691682,ponta do sol,cv,1600201727,40,78,73.4,4.7
328,-126.58660831690185,36.4561320438586,pacifica,us,1600201713,20,56,72.0,12.75
337,80.13117896958761,59.17596394007012,kargasok,ru,1600201727,9,90,47.16,10.09
338,-27.137934907121604,66.17031643647925,olafsvik,is,1600201727,100,68,43.79,4.59
339,-167.82956393253568,60.05311657925293,nome,us,1600201728,90,93,48.2,24.16
340,-53.660733484236886,1.8389509143231777,camopi,gf,1600201728,74,54,88.5,2.66
341,-75.96738326776676,-10.53467148445472,cerro de pasco,pe,1600201728,91,66,48.25,8.34
342,-80.49130360275628,38.35564050041549,beckley,us,1600201638,1,72,78.8,5.82
343,4.7002872322193525,4.247553598311882,warri,ng,1600201728,100,89,76.23,6.35
350,-75.58396619800205,42.12763327761934,binghamton,us,1600201658,20,38,68.0,4.7
351,-176.2560443931718,45.73982003833433,provideniya,ru,1600201729,90,87,46.4,11.18
352,146.98494206547258,36.61026717716574,kamaishi,jp,1600201729,91,83,65.48,2.91
353,-2.9900474714760605,9.751449958673149,batie,bf,1600201729,23,88,76.19,4.85
355,-65.91995088695472,-49.92780185970756,rio gallegos,ar,1600201729,40,33,44.6,26.4
357,-91.97394307892569,41.55261292302308,coralville,us,1600201730,1,39,82.4,10.29
358,55.71002994659091,-86.33784082395515,port alfred,za,1600201336,100,75,60.1,14.29
359,46.28990212236465,-16.636674909322068,marovoay,mg,1600201730,20,83,71.6,2.24
361,97.14467245940546,62.96050681019804,baykit,ru,1600201730,99,85,47.64,2.46
362,-151.3130743156755,-4.5300491226380615,faanui,pf,1600201731,0,76,77.76,15.59
363,122.72923803332071,-12.687327354857644,kupang,id,1600201700,66,82,72.45,8.01
364,-155.4560038018957,-28.8219196689721,avera,pf,1600201731,90,69,78.8,10.29
365,-23.534141493568995,43.46897871618748,praia da vitoria,pt,1600201731,40,64,68.0,18.63
366,97.10097952414901,14.152033444454219,dawei,mm,1600201731,41,89,76.89,2.37
368,76.28896722951555,17.22902082645264,afzalpur,in,1600201732,100,88,75.51,10.98
369,-45.02779307600872,22.073563931951313,bathsheba,bb,1600201732,40,70,87.8,16.11
372,-21.89070459229214,20.56180167347985,santa maria,cv,1600201551,75,71,57.2,12.75
381,-25.40673525760235,52.131563615861694,grindavik,is,1600201334,75,75,42.8,5.82
382,6.578781145204687,48.951679131816974,saint-avold,fr,1600201437,0,80,71.01,2.53
384,68.57937616730925,40.899250250585396,ilyich,kz,1600201733,0,29,64.08,0.6
385,133.6837689420356,-49.85842065437103,mount gambier,au,1600201733,100,93,46.4,11.41
390,1.5528406512254094,-40.19328927284526,saldanha,za,1600201734,0,70,48.2,1.12
393,95.5848813480984,-17.264338491395677,labuhan,id,1600201734,1,77,76.55,8.32
395,-115.81155768092654,38.991746451571316,elko,us,1600201734,1,11,86.0,9.17
398,-110.59694720132721,35.370411159419746,winslow,us,1600201475,1,13,86.0,3.36
399,46.72142970180943,67.06518232864798,leshukonskoye,ru,1600201734,96,92,44.38,9.78
401,115.04281653751417,20.397852447099623,shenzhen,cn,1600201657,2,99,82.0,7.29
403,-17.834818837195627,65.16131768662831,akureyri,is,1600201735,75,75,46.4,2.24
405,-77.50645587639764,48.693730077447896,barraute,ca,1600201735,90,87,46.99,12.75
406,-18.222271940415226,22.507567772897218,nouadhibou,mr,1600201735,0,75,77.16,14.09
410,56.22226547419402,4.04969608828047,eyl,so,1600201736,15,76,78.57,17.72
412,-123.73899552103325,34.222937053990634,monterey,us,1600201676,1,53,91.0,10.29
413,170.93135509790756,1.0462985372899283,bairiki,ki,1600201679,40,70,84.2,16.11
417,-63.08655968683418,-27.085075620687192,santiago del estero,ar,1600201621,0,19,81.36,8.23
421,13.093065221274458,53.344179537345354,neustrelitz,de,1600201737,20,82,66.99,3.47
422,-169.27236870947402,80.82230896607726,lavrentiya,ru,1600201737,100,96,44.02,8.72
425,26.13318510415931,89.35795737550723,longyearbyen,sj,1600201737,75,95,32.0,2.24
426,-104.2590124340428,27.518563943420048,camargo,mx,1600201738,42,54,77.68,7.54
430,17.60975022344465,10.151386061178187,goundi,td,1600201738,40,92,73.35,2.15
432,-116.48658612910475,83.40435484755287,norman wells,ca,1600201739,20,56,44.6,13.87
433,-98.7415247041753,30.434894712460036,fredericksburg,us,1600201710,1,60,70.0,4.18
438,160.70291015210853,72.97977780603512,cherskiy,ru,1600201741,95,84,40.19,4.74
442,151.76674498161117,-24.936662940703528,bundaberg,au,1600201644,40,93,61.0,6.93
443,131.22038359562612,24.474574363054273,gushikawa,jp,1600201741,1,88,80.6,5.17
444,145.57562750855163,-8.511601999384538,kerema,pg,1600201742,54,88,76.73,1.41
449,20.16116468075859,48.32334189170547,rimavska sobota,sk,1600201742,65,70,61.0,3.09
452,6.280283449948655,48.17848819634372,epinal,fr,1600201742,0,53,71.6,5.82
455,-89.78563614232573,58.29293065237886,sioux lookout,ca,1600201742,90,59,60.8,6.93
457,32.71750955788815,-65.13017705727403,port elizabeth,za,1600201743,38,77,59.0,9.17
458,170.4691911545578,-9.80078971767675,lata,sb,1600201743,13,88,69.01,4.7
459,-27.049110095175877,-13.065937012706627,sao jose da coroa grande,br,1600201743,78,81,75.97,10.76
462,41.347196428448825,-9.787534339535028,madimba,tz,1600201743,20,83,75.2,6.22
467,38.89171216739004,19.60211695436051,sawakin,sd,1600201743,0,63,89.02,5.44
468,76.82178464814257,46.914548881602485,balkhash,kz,1600201744,50,52,66.9,15.43
469,142.91840468311125,69.5959058738483,deputatskiy,ru,1600201744,51,98,31.17,3.98
470,-147.5786271174108,-15.450320066465352,tiarei,pf,1600201744,20,69,80.6,6.93
471,17.2094554015479,-18.926523457304384,tsumeb,na,1600201511,0,22,69.03,17.85
473,43.860323158638124,-9.503126678539687,mitsamiouli,km,1600201744,1,74,76.46,5.88
476,109.02827825641378,56.65913994930088,nizhneangarsk,ru,1600201745,74,85,43.99,0.72
478,160.9242754183868,59.16797190306468,palana,ru,1600201745,20,95,41.72,4.14
479,110.0799772847447,3.1961923515566184,kuching,my,1600201745,40,100,73.4,3.36
485,87.13812537900128,10.895243060520556,port blair,in,1600201746,98,77,82.24,12.39
488,154.61681975289423,-17.410399791851532,mackay,au,1600201746,75,88,68.0,18.34
490,-41.28633735466906,14.565531901454293,cayenne,gf,1600201746,50,70,84.2,8.05
491,121.26270443924966,44.16295579878488,tongliao,cn,1600201746,72,93,56.19,11.23
492,119.16960541007404,-23.92889385470204,port hedland,au,1600201348,88,68,69.8,6.93
496,92.68616624694772,69.25740970252329,talnakh,ru,1600201747,100,66,55.4,11.18
502,152.84885175309728,20.543445807602026,katsuura,jp,1600201747,75,88,73.99,10.29
503,156.79963255603116,-27.63230634873357,byron bay,au,1600201347,17,100,55.99,3.36
506,-11.912558869490596,68.41129471806968,hofn,is,1600201747,0,61,49.96,7.16
508,65.12554218260189,11.685219201318802,kavaratti,in,1600201748,64,82,81.27,17.58
510,-53.36561969920136,-21.166156868155184,ribas do rio pardo,br,1600201748,0,10,99.55,10.31
514,94.7079015090406,2.445059221264387,meulaboh,id,1600201748,100,84,76.46,3.36
518,107.60148147980851,58.08108695454047,kirensk,ru,1600201748,13,88,42.75,4.0
519,31.044129025406505,-14.511134440788823,nyimba,zm,1600201749,62,29,80.19,7.83
522,-86.07049107896033,-13.238530518883437,huarmey,pe,1600201749,21,68,66.79,10.2
526,-19.550953408430985,8.637939420167697,bubaque,gw,1600201749,61,85,80.91,14.45
528,35.84575439282338,46.765918060446324,novovasylivka,ua,1600201749,0,53,69.08,7.85
530,145.33465425527305,-36.75009711277193,kyabram,au,1600201750,100,76,45.0,5.99
531,103.3919511571716,27.144707347484058,zhaotong,cn,1600201750,100,93,57.72,3.11
532,34.832136531480614,37.75619416450904,nigde,tr,1600201750,0,66,57.78,2.68
533,154.13431369521584,64.27800631429525,seymchan,ru,1600201750,47,77,39.51,4.54
536,133.70889890849185,-52.16432752224817,portland,au,1600201327,90,60,75.0,3.36
540,17.11461038779123,24.590906132565223,marzuq,ly,1600201751,0,45,82.62,4.83
541,-68.73569964579556,-24.77380590812865,taltal,cl,1600201751,22,59,61.61,6.04
542,66.57230923050267,29.481098525097053,mastung,pk,1600201751,99,51,68.95,4.63
544,87.02428395899534,72.6201016855874,kayerkan,ru,1600201751,99,66,55.4,11.18
548,-50.94986565283463,2.610923639533155,amapa,br,1600201752,53,41,91.76,3.2
549,125.62032900237921,16.70029272538956,pandan,ph,1600201752,100,82,82.13,13.15
551,-72.68856160338645,1.4998010942889124,calamar,co,1600201752,75,94,82.4,3.36
553,-55.651851272868186,-3.097393879196062,juruti,br,1600201752,100,32,96.08,4.27
554,-31.751348175344617,47.19195843430518,lagoa,pt,1600201752,46,65,65.68,18.21
555,164.37774948957355,-29.31176731986934,vao,nc,1600201753,10,76,68.34,22.62
556,-114.73157621442616,36.4614721843605,sunrise manor,us,1600201753,1,10,98.6,4.7
558,62.95828282704184,21.99335823350563,gwadar,pk,1600201753,62,67,82.99,6.17
559,82.70801034571241,21.19788542811726,basna,in,1600201753,87,88,78.01,4.56
565,45.848588856165264,-14.490678032015154,mahajanga,mg,1600201754,20,83,71.6,2.24
566,-41.58219600444315,-36.729835241499515,cidreira,br,1600201526,100,73,59.92,22.03
567,-61.23302329723353,-41.35454093876886,viedma,ar,1600201754,86,43,60.01,1.99
570,178.9584415202968,63.9306809638739,beringovskiy,ru,1600201754,100,91,46.76,10.09
571,144.42713742801823,-39.12926205271282,leopold,au,1600201754,100,100,48.0,1.12
574,-65.70624144510442,4.403730191115827,inirida,co,1600201755,63,63,88.34,2.53
578,17.102516655307028,21.667110353617588,faya,td,1600201755,50,88,66.2,1.19
584,15.796990129616972,-25.115466159755968,maltahohe,na,1600201755,0,40,50.13,10.51
586,6.492317773198721,-28.250532335189348,luderitz,na,1600201755,0,71,56.12,17.43
591,-24.320526703271014,16.476800725020794,ribeira brava,cv,1600201755,40,78,73.4,4.7
593,-64.41703102747489,-5.2545999716483465,canutama,br,1600201756,100,30,98.24,1.48
597,91.24082039517333,35.42169579731571,lasa,cn,1600201756,5,88,62.6,1.12
601,140.91582293035412,28.67444734607156,shimoda,jp,1600201756,100,95,68.0,1.01
602,79.27447128351503,4.663154568291105,galle,lk,1600201756,58,88,79.32,10.71
603,115.26773032750714,28.386983691025264,xinyu,cn,1600201757,100,97,71.6,3.24
605,153.5433374125845,58.16638417115044,ola,ru,1600201757,27,76,46.56,6.55
612,-88.70095662720705,0.12884712482664895,san cristobal,ec,1600201757,75,52,87.8,13.87
618,73.796069515997,59.48463924777187,barsovo,ru,1600201757,83,66,55.4,11.18
624,-64.820494755148,-48.66622324692818,comodoro rivadavia,ar,1600201498,20,35,55.4,8.05
625,-72.01551889999486,16.013394025913172,pedernales,do,1600201758,40,74,87.8,16.11
626,-109.17495568593422,2.7454465531464933,ixtapa,mx,1600201531,75,74,89.01,9.17
631,-25.18878422425132,-5.915558765718856,cabedelo,br,1600201758,20,74,78.8,16.11
637,-84.31878291332896,33.83701936732106,north druid hills,us,1600201758,90,73,73.4,4.7
642,-86.84740148127935,35.777924259033995,spring hill,us,1600201564,40,74,84.99,6.93
648,98.31885020833852,60.4747371726632,kodinsk,ru,1600201759,13,88,44.26,3.31
657,34.51262158143231,55.33425823391889,vyazma,ru,1600201759,81,79,51.71,4.94
660,108.76841563715573,16.587000085050605,da nang,vn,1600201759,20,83,80.6,2.24
664,7.044192834482999,27.031008138768925,gat,ly,1600201622,0,100,82.99,3.8
665,-88.15366008424607,26.2156321623102,estelle,us,1600201759,90,78,82.99,12.75
667,179.83019772068428,-54.90652192349473,dunedin,nz,1600201760,5,41,55.0,3.0
668,-82.61965618716953,0.8802430671859867,muisne,ec,1600201760,81,78,82.4,10.29
675,105.68878796188307,23.341797871328325,ha giang,vn,1600201474,99,83,78.08,0.78
676,-42.83973009467036,-42.69267132121025,chuy,uy,1600201760,0,71,56.59,10.42
677,-62.82326499361622,23.017035663593873,the valley,ai,1600201761,20,74,89.6,13.87
678,64.77042605655282,3.923508988671898,mahibadhoo,mv,1600201761,77,78,82.4,10.58
679,14.370730528268382,48.046626077431085,garsten,at,1600201761,0,77,68.0,2.24
687,-64.94992849448717,16.7358978398145,vieques,us,1600201761,40,66,88.0,18.34
703,4.514360530464273,68.53149538630578,bud,no,1600201762,1,38,73.99,4.72
707,-76.66540605277574,52.56259403528355,matagami,ca,1600201762,40,76,50.0,11.41
709,-13.10701790741453,0.7839238921293941,buchanan,lr,1600201762,75,94,77.0,4.7
710,11.99483200845114,-3.200482935353051,mossendjo,cg,1600201763,100,82,73.29,5.7
712,83.56788589667889,29.735385469815597,jumla,np,1600201763,100,68,59.14,0.87
713,16.696746911469745,72.03784374362988,andenes,no,1600201763,75,93,44.6,8.05
717,-144.86691807613656,77.64895166991221,fairbanks,us,1600201763,75,62,55.99,4.7
722,156.34731820037615,65.54570989276328,omsukchan,ru,1600201764,100,73,39.78,3.04
724,118.96571557165026,-31.513597402551362,northam,au,1600201764,0,97,61.0,1.01
726,-61.27443879281451,-7.73500289892813,aripuana,br,1600201764,3,11,105.53,4.14
730,158.1536910078724,-19.408288111399585,poum,nc,1600201764,100,73,71.26,17.72
731,8.295045889671542,68.57103536297137,sorland,no,1600201764,75,93,46.4,11.41
732,-100.972423692575,12.256933672988879,acapulco,mx,1600201505,75,79,84.2,6.93
735,-131.86749692995141,63.18618435975884,whitehorse,ca,1600201475,75,40,51.8,13.87
736,16.678771449766685,-14.254589308781647,menongue,ao,1600201765,25,27,66.58,2.01
743,-0.023196588101995985,52.327521328713004,huntingdon,gb,1600201765,93,74,69.01,5.61
745,-46.944026270689136,-16.79188206155925,unai,br,1600201766,0,14,91.11,8.93
749,112.4284464921339,43.6415214901518,erenhot,cn,1600201743,0,57,47.89,19.35
751,-142.26497437748566,76.47633560732879,aklavik,ca,1600201766,20,65,44.6,13.87
752,145.9384287178155,-6.385296058305869,kainantu,pg,1600201766,82,94,59.59,1.99
754,108.92063865441878,11.830408712730716,cam ranh,vn,1600201767,20,88,82.4,3.36
756,-137.004502435364,52.28160631939741,sitka,us,1600201083,1,62,55.4,3.6
758,139.24752503714183,0.5257306486570172,biak,id,1600201767,80,81,75.0,6.29
763,64.79578699260372,1.7095247005134695,kudahuvadhoo,mv,1600201767,100,80,82.26,10.0
767,6.092120199515136,44.12156859389725,manosque,fr,1600201767,1,76,68.0,2.71
768,-49.15635435715254,55.864080564723594,qaqortoq,gl,1600201768,75,43,51.8,12.75
771,68.52529428493699,5.689935245504458,ugoofaaru,mv,1600201768,26,76,82.53,9.69
773,-78.73432230793188,-41.544367050617964,ancud,cl,1600201768,100,68,52.0,1.99
775,93.51764148150568,58.66726985942688,strelka,ru,1600201768,99,89,49.86,6.85
777,-10.972192503247129,16.212574773711736,nioro,ml,1600201768,98,77,82.65,4.54
778,172.81295596546892,-42.207363102542644,hanmer springs,nz,1600201769,1,69,41.25,10.07
780,38.92434498543318,62.07666609559473,konevo,ru,1600201769,1,95,43.23,5.97
781,114.94308315417044,57.56978742980846,balakhninskiy,ru,1600201769,100,81,46.87,3.83
783,38.726838753609684,27.885037052362023,tabuk,sa,1600201769,100,88,73.83,0.81
784,-81.94037317616693,19.47348216448087,west bay,ky,1600201758,20,75,89.6,14.99
788,30.340582237317875,33.76695492940355,pafos,cy,1600201770,20,88,77.0,6.93
793,-5.095250227961628,38.47608204464805,penarroya-pueblonuevo,es,1600201770,23,50,78.8,2.24
797,-61.8281055663675,14.670986625052166,saint-pierre,mq,1600201770,40,68,64.4,8.05
798,28.354469063213458,-82.73559374595949,kruisfontein,za,1600201770,1,82,53.01,1.01
801,-58.99381148050837,-49.736372803837355,rawson,ar,1600201771,0,44,51.53,21.12
807,-101.13937488265339,45.679069707050274,mandan,us,1600201543,1,60,71.6,9.17
812,64.28302232883053,69.0168069039276,severnyy,ru,1600201771,3,82,57.2,8.95
816,44.34704339039703,-18.527956201834144,miandrivazo,mg,1600201772,6,69,76.14,3.38
817,66.54167167929518,67.95042044604395,labytnangi,ru,1600201772,100,93,45.9,4.79
819,71.70268397722975,29.719331606507538,dunyapur,pk,1600201772,40,79,86.0,6.93
824,-16.09499143953434,1.605810137349721,mattru,sl,1600201772,100,97,73.94,2.08
827,41.130469323128665,7.511016743501116,ginir,et,1600201773,35,78,63.12,4.34
828,-11.572641083060176,56.56519109155877,ballina,ie,1600201342,35,100,55.99,3.36
830,17.24362702141741,-17.692315198593278,eenhana,na,1600201773,0,13,75.2,8.05
835,-100.46829680593714,35.09137860449334,pampa,us,1600201773,40,42,84.2,11.41
840,42.68716316949474,-31.59343722893569,beloha,mg,1600201773,0,92,65.98,2.51
841,31.1554594701814,19.675694024180643,marawi,sd,1600201774,100,93,75.0,4.0
842,-3.538360574023102,16.386534853002402,goundam,ml,1600201774,63,18,103.12,2.24
843,36.649080058326746,-29.1062316040682,richards bay,za,1600201774,100,73,65.64,5.32
844,175.6802314295362,49.14650086235946,nikolskoye,ru,1600201774,99,87,48.99,4.47
848,131.60219891318735,-3.588219589004467,tual,id,1600201775,96,83,78.48,17.02
850,84.69593038357993,22.834675055658906,gumla,in,1600201775,100,87,74.97,4.25
851,129.12683656732133,67.18259326785255,batagay-alyta,ru,1600201775,27,85,35.62,4.25
852,103.34788091879142,65.36722738320807,tura,ru,1600201345,100,97,74.12,3.27
854,37.65772378395707,15.854275038226774,barentu,er,1600201775,11,67,76.95,3.65
856,-60.917618579926284,-30.291994014500432,rafaela,ar,1600201776,58,26,64.99,5.99
858,-47.19877930027508,-36.8511886530107,rio grande,br,1600201657,99,73,59.32,15.86
859,136.8410588118246,64.97150017831657,khandyga,ru,1600201776,57,94,39.2,3.89
860,-58.915086216919235,-6.329431258007048,jacareacanga,br,1600201776,100,47,95.0,3.36
861,74.50868740078047,7.315793093999716,dhidhdhoo,mv,1600201664,100,78,82.17,11.45
864,130.90274475052104,17.30338646420516,gigmoto,ph,1600201777,100,85,81.21,13.15
867,20.934141277231276,16.317927593329046,biltine,td,1600201777,100,67,77.18,18.54
868,86.36079958300996,32.36971992855477,kathmandu,np,1600201586,75,100,69.8,6.93
869,-119.12149478445778,55.12303044078985,wembley,ca,1600201777,75,82,57.99,9.17
875,63.38807889630985,50.64284899864313,lisakovsk,kz,1600201777,86,74,48.16,23.22
877,162.963581058729,-42.74743455997034,te anau,nz,1600201778,99,88,41.09,9.1
878,-91.86006103937994,38.78766550980512,fulton,us,1600201572,90,56,73.4,14.99
882,15.997930343566708,-17.17770264296243,oshikango,na,1600201778,0,13,75.2,8.05
884,27.112293173973683,-0.0886889671287463,kisangani,cd,1600201778,0,85,72.03,2.28
887,-12.377060949133579,23.972946839446337,atar,mr,1600201779,5,16,102.25,4.36
888,-21.576274742150105,1.2879356596875624,goderich,sl,1600201779,100,64,70.0,19.17
890,84.40333484869342,29.879090898362023,pokhara,np,1600201779,55,78,68.79,1.54
891,-17.501315105794873,49.336990193805946,dingle,ie,1600201779,100,93,75.85,2.17
892,-82.24587619032948,49.283703934907805,kapuskasing,ca,1600201779,90,100,48.2,9.17
893,-54.32908033056093,-11.515854275679914,alta floresta,br,1600201780,26,20,96.8,5.82
895,150.48302633226194,57.30592695587276,magadan,ru,1600201780,35,74,46.42,6.31
899,-42.94002204946324,-47.4591228211631,rocha,uy,1600201780,37,61,58.73,6.13
904,75.55723939449106,8.453699220980482,kollam,in,1600201780,40,94,82.4,3.36
908,40.912399808631164,67.93936524253016,ostrovnoy,ru,1600201781,99,78,44.04,12.73
909,130.076146932038,-14.237489138881969,port keats,au,1600201781,42,81,75.96,3.76
916,-52.229182958487115,-2.762038382522789,senador jose porfirio,br,1600201781,87,37,94.69,0.78
917,-56.33267046861101,3.448076069851467,grand-santi,gf,1600201781,89,50,90.28,1.21
924,-32.607556112325085,2.4777421993345286,touros,br,1600201342,20,61,82.4,13.87
925,-176.2721289802965,-19.10147791455529,pangai,to,1600201782,40,83,73.4,16.11
927,33.88078485874354,48.8591645225392,lykhivka,ua,1600201782,0,75,64.02,6.46
930,85.60234406092997,63.35890613837225,turukhansk,ru,1600201782,86,82,49.46,9.22
932,27.26658370253392,17.869537137110783,umm kaddadah,sd,1600201783,0,33,92.43,6.69
935,-98.98466686006499,-24.75841453930309,pisco,pe,1600201783,45,72,68.0,14.99
936,18.817541515871312,14.522940616882721,ati,td,1600201783,7,53,85.33,5.41
937,86.7005350103367,-33.70228217687763,geraldton,au,1600201783,90,77,64.4,12.75
938,114.6427803430118,16.34711553800024,wanning,cn,1600201784,85,84,80.26,2.37
940,-158.99838935255443,16.173450393077445,ewa beach,us,1600201784,1,65,86.0,5.82
941,129.10954551568256,-35.61053528058164,flinders,au,1600201784,1,90,57.0,1.01
943,-14.274035511828174,35.06547421191564,camacha,pt,1600201784,20,73,73.4,5.82
944,39.292356208909894,56.869150582528874,petrovskoye,ru,1600201784,0,78,47.03,10.78
945,14.351248329550373,34.48592280548387,zurrieq,mt,1600201785,20,78,77.0,11.41
947,-86.04287185398793,15.424373319846609,zamora,hn,1600201785,75,44,78.8,18.34
952,118.39401886483881,5.008647616016148,lahad datu,my,1600201785,100,88,76.68,4.05
955,-93.27036332772954,45.64054122567248,north branch,us,1600201751,1,57,80.01,9.17
961,-55.76835769418,-45.48529606002767,necochea,ar,1600201786,0,40,64.99,8.01
962,104.63425633822789,-1.2367147911328829,simpang,id,1600201786,100,95,75.04,3.53
963,-59.91156556168161,83.33555317906814,narsaq,gl,1600201786,75,43,51.8,12.75
967,-122.71639990713271,50.03932431755214,pemberton,ca,1600201690,90,77,62.6,2.24
968,-108.45663089507727,56.60125518429081,meadow lake,ca,1600201786,20,29,81.0,4.88
976,-57.38878455346429,49.31394817799574,deer lake,ca,1600201787,40,50,53.6,20.8
980,22.584322842686788,12.775511244773938,adre,td,1600201787,100,81,70.32,7.83
984,-57.05846276018647,67.96689064486688,sisimiut,gl,1600201787,100,69,40.86,4.27
985,-130.75317100225348,54.83509114472804,prince rupert,ca,1600201787,1,72,62.6,3.36
986,-10.745218530186321,0.17231481945995597,harper,lr,1600201788,42,86,75.78,10.47
987,28.27304669261403,84.34476565892689,mehamn,no,1600201788,90,93,44.6,9.17
991,-24.1254465247967,-22.54730230400847,caravelas,br,1600201788,0,77,76.32,7.2
993,49.81662569509655,51.9560891111943,pestravka,ru,1600201788,23,78,48.97,12.08
994,-56.33098095597529,55.62087573814381,saint anthony,ca,1600201789,1,44,80.6,13.87
995,147.4574984828156,-9.305950298574302,port moresby,pg,1600201789,75,88,77.0,11.41
996,117.33762709752403,29.283203308942888,jingdezhen,cn,1600201789,100,96,71.31,2.3
1001,-149.7650808508506,-14.828180437650943,fare,pf,1600201789,17,74,78.87,14.38
1009,-85.84168469384787,-8.719517924405494,sechura,pe,1600201789,19,56,73.83,16.02
1012,130.61020470531417,8.434721930360894,kloulklubed,pw,1600201349,75,88,77.0,8.99
1014,154.3144399457271,-35.54826402514654,sydney,au,1600201517,9,87,59.0,5.82
1015,-12.374338831339344,13.737440472747735,bakel,sn,1600201790,16,53,89.65,9.42
1016,-64.59679604637594,44.140889588817004,liverpool,ca,1600201790,100,88,63.0,5.82
1017,55.92703999105788,34.78916410840951,tabas,ir,1600201790,0,19,78.8,6.93
1020,-122.99981962737749,36.228603198639064,pacific grove,us,1600201791,1,53,73.4,10.29
1021,127.82589582124729,8.540042128608931,barcelona,ph,1600201791,0,83,78.01,5.82
1023,176.75387590798528,-43.27206779832335,waipawa,nz,1600201791,0,50,53.01,8.05
1026,48.38158480144534,46.02364081369586,kirovskiy,ru,1600201791,100,96,55.2,1.74
1028,-33.63699446385576,-8.636737531857904,olinda,br,1600201613,75,74,78.8,13.87
1030,68.84681188779365,56.32131876383832,golyshmanovo,ru,1600201714,100,94,51.91,8.81
1032,-72.76353769651733,11.865897348420617,manaure,co,1600201792,20,63,93.2,6.93
1038,118.07140134005317,60.393628172644156,suntar,ru,1600201792,72,84,44.08,2.15
1042,-75.95516583063917,36.34442098198819,elizabeth city,us,1600201612,20,57,77.0,11.41
1043,42.96184741261084,38.70788381718714,adilcevaz,tr,1600201792,0,39,62.6,3.71
1044,51.198912782544426,2.024896713373778,hobyo,so,1600201793,0,84,77.65,24.16
1051,-66.63438934972802,50.36783751432782,sept-iles,ca,1600201793,75,62,51.8,6.93
1061,135.57572330569565,27.23916316994547,kushima,jp,1600201793,100,94,73.0,3.0
1062,60.31557688212061,28.347847276356106,khash,ir,1600201793,73,28,61.12,5.01
1063,163.93142914470292,-26.799654162260786,noumea,nc,1600201511,20,72,66.2,2.24
1064,-76.38774634712784,20.41975905030607,jiguani,cu,1600201794,75,66,87.8,9.17
1067,-19.573228943075918,29.751115715812077,los llanos de aridane,es,1600201794,20,78,75.99,11.41
1069,-19.030241090723393,68.6016500088015,dalvik,is,1600201794,75,75,46.4,2.24
1074,-99.99140135872553,7.996706790870633,puerto escondido,mx,1600201794,75,66,84.2,6.93
1082,144.8651843707255,-5.477055777632842,kundiawa,pg,1600201794,86,78,59.77,1.61
1087,95.54300733978454,50.1567396780124,erzin,ru,1600201795,2,82,82.0,0.58
1089,142.74897286022372,-17.184985121124342,mareeba,au,1600201795,40,83,69.8,10.29
1092,142.9016059838881,-3.0661875212743155,aitape,pg,1600201795,100,79,77.14,3.83
1093,58.424830251465266,-17.577294425158982,cap malheureux,mu,1600201795,94,70,66.99,3.0
1095,-172.3659769321934,-18.976464239929612,neiafu,to,1600201796,40,83,75.2,5.82
1096,-101.26023389625071,59.43388630363856,flin flon,ca,1600201796,90,66,50.0,11.41
1099,-69.76434751916301,10.357364311471557,carora,ve,1600201796,78,40,92.66,9.84
1102,-100.80327342579037,37.07069633827001,liberal,us,1600201796,1,39,82.4,11.41
1107,125.30980139540372,39.28470689108977,dandong,cn,1600201589,100,92,66.67,16.69
1117,112.53629180806001,22.420050296528544,sanbu,cn,1600201797,27,97,66.74,3.4
1118,129.1732027402901,-4.027700252382445,amahai,id,1600201798,91,85,75.2,2.55
1122,-83.05673289633589,-28.883814518400975,coquimbo,cl,1600201798,75,71,55.4,8.05
1123,47.53274897949785,-20.943469015296046,ifanadiana,mg,1600201798,90,90,63.95,0.98
1134,30.060140788943244,23.887603821472695,aswan,eg,1600201799,0,18,90.18,9.89
1135,50.06854106917913,67.09507306210668,ust-tsilma,ru,1600201799,69,95,45.28,6.29
1136,89.1209115927266,45.114065039795264,urumqi,cn,1600201799,43,51,62.6,8.95
1140,164.6528372560055,-2.473154688495569,auki,sb,1600201800,96,83,78.73,4.97
1141,-39.195095524435175,-3.303044622447416,trairi,br,1600201673,54,59,81.12,15.55
1144,-151.52251015783335,31.217718858109436,kahului,us,1600201096,20,48,87.8,12.75
1149,16.96613984093287,31.57223389697903,surt,ly,1600201800,41,72,80.02,12.68
1156,85.72166140358433,62.345018981798916,belyy yar,ru,1600201801,60,93,39.2,4.47
1159,-68.43661272947213,-16.47395071392559,la paz,bo,1600201801,75,44,57.2,11.41
1162,161.1632742466507,39.86390014112419,severo-kurilsk,ru,1600201801,40,80,52.63,13.91
1166,-55.48627892618674,68.93546847580203,kangaatsiaq,gl,1600201802,100,78,40.71,12.37
1171,-19.68522213712305,1.5143027943176435,bonthe,sl,1600201802,100,89,77.04,5.39
1174,-59.841085625172255,3.543348886662116,lethem,gy,1600201803,95,76,81.18,5.1
1177,82.68611367523897,6.633443860908258,kalmunai,lk,1600201803,100,75,80.46,9.78
1179,113.61984913131153,21.252365279970775,zhuhai,cn,1600201804,40,89,84.2,9.17
1181,161.78727387964057,1.2318451115041853,buala,sb,1600201804,100,79,82.22,11.54
1182,36.327146840550455,-37.101781951793505,margate,za,1600201805,39,80,69.01,3.31
1183,-59.99913637352134,-23.385587089521536,pozo colorado,py,1600201805,100,39,85.55,2.01
1184,109.1342662936097,65.60905493446887,aykhal,ru,1600201805,1,81,46.4,4.47
1186,11.566099461309307,60.13878186666287,arnes,no,1600201806,75,87,57.99,10.29
1187,-53.089546889428334,-3.771776717160492,altamira,br,1600201806,20,46,93.2,5.82
1188,-115.66164127679227,54.36501372375349,whitecourt,ca,1600201806,90,75,46.4,16.11
1191,161.24527986216822,-13.080160432380353,kirakira,sb,1600201807,100,82,80.73,16.91
1192,93.56282128177725,16.750248522197822,pathein,mm,1600201808,95,89,78.12,2.59
1194,83.00892162445803,26.129055811987826,nizamabad,in,1600201808,99,88,75.83,2.86
1195,-85.17428268582731,44.801472826488606,traverse city,us,1600201808,90,47,77.0,13.87
1196,65.41907461592814,67.69953024259618,kharp,ru,1600201809,100,90,45.19,3.49
1197,122.44766023512165,38.267051583656496,weihai,cn,1600201809,51,87,70.25,11.56
1199,-125.35290173545624,42.48533019908112,coos bay,us,1600201809,90,73,80.01,9.17
1206,152.13102994502242,-11.486844222812579,samarai,pg,1600201809,98,84,79.36,13.29
1208,-22.328788320791034,35.69262455120746,vila franca do campo,pt,1600201768,20,59,66.2,6.93
1214,-7.446044660863095,73.3334664680923,klaksvik,fo,1600201810,30,100,44.6,3.22
1221,-99.86123404458472,21.37994389103612,san ciro de acosta,mx,1600201810,95,71,72.21,4.29
1223,74.89323321044114,31.34339680428856,patti,in,1600201811,75,79,87.8,3.15
1224,41.406807324038425,46.128753833138745,krasnaya polyana,ru,1600201811,84,93,44.71,7.83
1225,10.23987509596779,66.70969063755419,rorvik,no,1600201811,75,81,48.2,10.29
1227,-28.151404071806354,15.82678104827366,porto novo,cv,1600201811,20,94,73.4,1.12
1230,-109.49780648221812,33.323356501265735,safford,us,1600201812,1,27,87.8,7.43
1233,-68.02332798704396,-33.95629746412253,san rafael,ar,1600201755,28,15,78.71,8.39
1234,67.89167289210164,20.646197039650346,dwarka,in,1600201812,34,81,82.26,10.31
1240,17.911872357870465,-10.633796605589453,camacupa,ao,1600201812,8,55,67.93,4.7
1244,-104.87294811931189,34.38057856526525,roswell,us,1600201644,90,73,71.6,4.7
1245,148.0734157496421,-23.481848619380983,emerald,au,1600201813,40,87,59.0,6.93
1248,101.50825661544258,48.044661523359906,moron,mn,1600201514,100,45,61.0,3.0
1249,173.05016163347142,-43.2180853174015,amberley,nz,1600201813,1,46,75.0,5.82
1251,-131.5970625256018,42.7656102008946,north bend,us,1600201813,90,73,80.01,9.17
1255,72.34874366088462,32.69455395632994,talagang,pk,1600201814,0,38,85.37,3.87
1261,165.76564534708928,60.26144183017951,tilichiki,ru,1600201814,4,85,42.62,5.55
1263,19.00874457883498,10.133002103319157,kyabe,td,1600201814,79,90,71.13,2.98
1265,81.984564158257,53.99229166723245,ordynskoye,ru,1600201814,88,60,57.54,11.01
1270,-63.15473482876973,-4.7253909555978595,coari,br,1600201815,95,48,90.19,3.0
1271,119.92079608897069,-11.536301758240754,waingapu,id,1600201815,83,83,73.44,9.17
1272,27.577140707209054,28.748076590065992,marsa matruh,eg,1600201815,40,73,77.0,8.05
1275,-106.44178895451148,31.193440942333467,praxedis guerrero,mx,1600201815,40,47,80.6,5.99
1278,-58.23258933659491,0.4276293839107552,urucara,br,1600201816,100,35,94.98,1.03
1280,56.66055237821337,50.09179170499763,aqtobe,kz,1600201816,49,61,50.0,11.18
1288,-95.4646971038521,24.11231775546068,nuevo progreso,mx,1600201816,94,62,84.0,5.01
1289,-26.23980576393288,-18.075592736969114,maceio,br,1600201817,20,73,77.0,10.29
1290,-34.54305541917401,-25.087246841059397,sao joao da barra,br,1600201817,21,73,77.0,19.46
1291,-76.91731654360167,24.33631356679807,nassau,bs,1600201817,1,48,66.99,3.36
1292,-102.49423757411789,30.6782471707879,west odessa,us,1600201817,1,37,82.99,3.29
1293,40.83041240735773,42.42105302355503,sukhumi,ge,1600201817,56,82,72.95,3.02
1294,111.64173803312548,-10.14044438301869,boyolangu,id,1600201818,98,88,70.5,1.05
1295,-159.62786326725774,18.24616135783458,makakilo city,us,1600201818,1,65,86.0,5.82
1297,80.55643041584608,55.185898640788764,kargat,ru,1600201818,89,66,56.8,11.65
1306,-126.63922939391361,39.552867787429165,fortuna,us,1600201818,20,44,77.0,5.82
1307,5.870254178716351,15.663942341833845,abalak,ne,1600201819,98,88,53.06,8.05
1311,124.60321790020913,-7.7314360875925985,atambua,id,1600201819,92,83,66.51,5.01
1319,-44.20058182527552,-11.696932489689289,riachao das neves,br,1600201819,40,24,86.05,4.92
1329,20.94964855531896,13.537338252129302,abeche,td,1600201333,100,67,77.29,17.96
1331,-58.48493589070662,-3.4712884849498664,itacoatiara,br,1600201684,100,30,97.95,2.21
1334,-77.31480812636457,34.01240371452825,wilmington,us,1600201645,75,51,82.4,12.75
1336,33.05687617916615,10.719322810493537,asosa,et,1600201820,100,99,62.44,2.1
1337,-102.75663995121778,13.789610673704075,petatlan,mx,1600201820,75,66,86.0,5.82
1342,-77.86869797486828,13.179102549882032,cartagena,co,1600201761,75,94,82.4,3.36
1346,111.57090814178105,5.166778372196404,bintulu,my,1600201820,40,100,73.4,3.36
1347,151.1788593413437,-30.353391345483125,armidale,au,1600201821,9,87,44.01,2.62
1349,11.52113822037137,47.878945694081324,geretsried,de,1600201821,4,92,64.99,3.13
1350,39.22232209894017,28.814501848387806,sakakah,sa,1600201821,0,11,91.4,8.05
1355,-101.0765246460617,37.92955328521566,garden city,us,1600201821,75,49,73.4,9.17
1356,71.80906100326789,22.010060024076097,dhola,in,1600201564,100,84,80.17,7.31
1358,58.24497273054615,29.28675005919858,bam,ir,1600201822,0,18,72.5,9.69
1368,-7.403159970298816,51.91198446120134,kill,ie,1600201822,90,100,60.01,5.82
1370,-71.39470751139376,4.976869506201325,orocue,co,1600201822,91,60,88.7,3.24
1371,141.23911833795688,-7.258361262082715,kiunga,pg,1600201823,100,98,73.08,2.95
1380,84.75433746592097,14.755686293749449,yanam,in,1600201823,47,94,77.88,2.46
1381,28.7826129012617,54.57682058094332,senno,by,1600201823,14,95,42.4,2.89
1389,-121.45291814385756,35.24640778153359,morro bay,us,1600201823,0,21,91.99,4.0
1390,-57.55241061527008,-29.340347249810094,mercedes,ar,1600201824,100,56,61.0,3.0
1394,-43.146967314620525,-33.17575457484038,laguna,br,1600201824,0,37,87.01,1.01
1395,-38.62957632639521,4.881147991498423,itarema,br,1600201824,60,67,79.02,18.99
1407,102.38482337889894,33.477975461498346,linxia,cn,1600201825,100,64,50.68,1.43
1411,25.851393469343748,37.094975831388496,kamarion,gr,1600201825,0,69,78.01,1.99
1412,165.729247173805,-38.934383832486326,hokitika,nz,1600201825,100,77,46.99,8.86
1415,-3.2573617501728904,47.86575508706508,hennebont,fr,1600201825,70,88,70.0,6.93
1419,150.3630724671665,-29.088506286072217,moree,au,1600201819,3,76,55.4,9.17
1420,44.01040047305648,25.19886912613228,buraydah,sa,1600201826,0,19,87.8,8.05
1423,81.4928564752376,24.108595107462307,beohari,in,1600201826,100,86,77.47,4.36
1424,127.46108625346312,44.59615976776149,shanhetun,cn,1600201826,100,73,59.36,6.44
1432,-116.98770544509895,58.676293453777646,high level,ca,1600201826,40,46,50.0,10.29
1434,177.73302900731625,-7.54270061373937,asau,tv,1600201827,99,77,63.0,2.24
1436,80.2424446627868,14.753074234906222,kavali,in,1600201827,99,83,78.82,9.17
1452,18.956386384730138,53.22021824838919,wabrzezno,pl,1600201827,15,73,72.0,1.01
1457,-19.59433698518231,14.94911899733674,dakar,sn,1600201564,39,79,84.2,4.7
1463,-39.748020868384856,-6.019947957430517,mombaca,br,1600201827,100,34,85.59,5.32
1465,-84.51511935640124,46.75198999877267,sault sainte marie,ca,1600201609,40,64,71.6,12.75
1467,-158.16034106002894,21.969446882689496,wahiawa,us,1600201687,90,58,86.0,5.93
1474,158.3784248114261,-1.2974764061130628,kieta,pg,1600201828,100,85,76.1,3.96
1475,-51.440081363026366,-12.905774026938772,sao miguel do araguaia,br,1600201556,0,16,98.98,5.19
1485,3.540408610702883,40.03385916860398,alcudia,es,1600201828,0,83,75.2,2.24
1491,-60.56327331144627,-36.03998885761982,nueve de julio,ar,1600201829,23,34,66.0,5.01
1492,4.252782181708568,15.963363911030285,tahoua,ne,1600201829,18,39,89.67,4.23
1498,140.89780958669883,-45.09947500166627,burnie,au,1600201829,100,83,46.99,1.99
